Algorithm,Problem,ExecutionId,IndicatorName,IndicatorValue
NSGAII,Srinivas,0,IGD,0.1778649400086687
NSGAII,Srinivas,0,HV,0.0
NSGAII,Srinivas,0,Time,68.07189321517944
NSGAII,Srinivas,1,IGD,0.1812030718473538
NSGAII,Srinivas,1,HV,0.0
NSGAII,Srinivas,1,Time,68.10852599143982
NSGAII,Srinivas,2,IGD,0.1806566774551642
NSGAII,Srinivas,2,HV,0.0
NSGAII,Srinivas,2,Time,71.60361409187317
NSGAII,Srinivas,3,IGD,0.17339834868411882
NSGAII,Srinivas,3,HV,0.0
NSGAII,Srinivas,3,Time,69.91529703140259
NSGAII,Srinivas,4,IGD,0.17917047772838013
NSGAII,Srinivas,4,HV,0.0
NSGAII,Srinivas,4,Time,70.49442028999329
NSGAII,Srinivas,5,IGD,0.17866432872378912
NSGAII,Srinivas,5,HV,0.0
NSGAII,Srinivas,5,Time,75.99173927307129
NSGAII,Srinivas,6,IGD,0.18311716696356928
NSGAII,Srinivas,6,HV,0.0
NSGAII,Srinivas,6,Time,76.28811573982239
NSGAII,Srinivas,7,IGD,0.17891055016597204
NSGAII,Srinivas,7,HV,0.0
NSGAII,Srinivas,7,Time,74.33333468437195
NSGAII,Srinivas,8,IGD,0.17615314087580486
NSGAII,Srinivas,8,HV,0.0
NSGAII,Srinivas,8,Time,72.96920156478882
NSGAII,Srinivas,9,IGD,0.17038998428549337
NSGAII,Srinivas,9,HV,0.0
NSGAII,Srinivas,9,Time,83.48690795898438
NSGAII,Srinivas,10,IGD,0.18092841167282653
NSGAII,Srinivas,10,HV,0.0
NSGAII,Srinivas,10,Time,75.25739455223083
NSGAII,Srinivas,11,IGD,0.17658510596439728
NSGAII,Srinivas,11,HV,0.0
NSGAII,Srinivas,11,Time,73.35071349143982
NSGAII,Srinivas,12,IGD,0.17586623626963577
NSGAII,Srinivas,12,HV,0.0
NSGAII,Srinivas,12,Time,68.59250950813293
NSGAII,Srinivas,13,IGD,0.1772153403196121
NSGAII,Srinivas,13,HV,0.0
NSGAII,Srinivas,13,Time,69.2200334072113
NSGAII,Srinivas,14,IGD,0.17637244377301137
NSGAII,Srinivas,14,HV,0.0
NSGAII,Srinivas,14,Time,70.39939761161804
NSGAII,Srinivas,15,IGD,0.1765481994794744
NSGAII,Srinivas,15,HV,0.0
NSGAII,Srinivas,15,Time,70.44488096237183
NSGAII,Srinivas,16,IGD,0.17582525849709194
NSGAII,Srinivas,16,HV,0.0
NSGAII,Srinivas,16,Time,70.27659034729004
NSGAII,Srinivas,17,IGD,0.1815472229001597
NSGAII,Srinivas,17,HV,0.0
NSGAII,Srinivas,17,Time,71.08049273490906
NSGAII,Srinivas,18,IGD,0.1784377762836321
NSGAII,Srinivas,18,HV,0.0
NSGAII,Srinivas,18,Time,70.57633781433105
NSGAII,Srinivas,19,IGD,0.18397566820407762
NSGAII,Srinivas,19,HV,0.0
NSGAII,Srinivas,19,Time,71.54844355583191
NSGAII,Srinivas,20,IGD,0.18029009682558295
NSGAII,Srinivas,20,HV,0.0
NSGAII,Srinivas,20,Time,70.77157163619995
NSGAII,Srinivas,21,IGD,0.18144750196060572
NSGAII,Srinivas,21,HV,0.0
NSGAII,Srinivas,21,Time,69.66966080665588
NSGAII,Srinivas,22,IGD,0.17607668201121215
NSGAII,Srinivas,22,HV,0.0
NSGAII,Srinivas,22,Time,73.46382284164429
NSGAII,Srinivas,23,IGD,0.1785589670266355
NSGAII,Srinivas,23,HV,0.0
NSGAII,Srinivas,23,Time,69.18099093437195
NSGAII,Srinivas,24,IGD,0.1746197611232911
NSGAII,Srinivas,24,HV,0.0
NSGAII,Srinivas,24,Time,70.8743827342987
NSGAII,Srinivas,25,IGD,0.17943038940668343
NSGAII,Srinivas,25,HV,0.0
NSGAII,Srinivas,25,Time,72.18547534942627
NSGAII,Srinivas,26,IGD,0.1844550447683347
NSGAII,Srinivas,26,HV,0.0
NSGAII,Srinivas,26,Time,71.03395676612854
NSGAII,Srinivas,27,IGD,0.1806052459714653
NSGAII,Srinivas,27,HV,0.0
NSGAII,Srinivas,27,Time,71.30427622795105
NSGAII,Srinivas,28,IGD,0.17401301679891545
NSGAII,Srinivas,28,HV,0.0
NSGAII,Srinivas,28,Time,69.25815320014954
NSGAII,Srinivas,29,IGD,0.18205435706612735
NSGAII,Srinivas,29,HV,0.0
NSGAII,Srinivas,29,Time,71.29217863082886
NSGAII,ZDT1,0,IGD,0.021667447605312945
NSGAII,ZDT1,0,HV,0.633252472964762
NSGAII,ZDT1,0,Time,67.4241714477539
NSGAII,ZDT1,1,IGD,0.025539328839716845
NSGAII,ZDT1,1,HV,0.6272810317171016
NSGAII,ZDT1,1,Time,69.82356548309326
NSGAII,ZDT1,2,IGD,0.0253568142320258
NSGAII,ZDT1,2,HV,0.627631243712068
NSGAII,ZDT1,2,Time,69.51784920692444
NSGAII,ZDT1,3,IGD,0.020848480890351295
NSGAII,ZDT1,3,HV,0.6343213526901433
NSGAII,ZDT1,3,Time,68.31730628013611
NSGAII,ZDT1,4,IGD,0.024837148437639057
NSGAII,ZDT1,4,HV,0.6283719653917346
NSGAII,ZDT1,4,Time,69.4237802028656
NSGAII,ZDT1,5,IGD,0.016934448461613245
NSGAII,ZDT1,5,HV,0.6403094260409841
NSGAII,ZDT1,5,Time,72.38769507408142
NSGAII,ZDT1,6,IGD,0.024519458295038737
NSGAII,ZDT1,6,HV,0.6293155169362132
NSGAII,ZDT1,6,Time,74.09225010871887
NSGAII,ZDT1,7,IGD,0.022750935828710923
NSGAII,ZDT1,7,HV,0.6319099716171683
NSGAII,ZDT1,7,Time,73.42414617538452
NSGAII,ZDT1,8,IGD,0.026084328839918902
NSGAII,ZDT1,8,HV,0.6263089025496785
NSGAII,ZDT1,8,Time,73.76128125190735
NSGAII,ZDT1,9,IGD,0.018320208409994914
NSGAII,ZDT1,9,HV,0.6379095512119126
NSGAII,ZDT1,9,Time,74.82048344612122
NSGAII,ZDT1,10,IGD,0.022851233827184157
NSGAII,ZDT1,10,HV,0.6315090408982738
NSGAII,ZDT1,10,Time,74.60726118087769
NSGAII,ZDT1,11,IGD,0.022705650863823562
NSGAII,ZDT1,11,HV,0.6316481812956114
NSGAII,ZDT1,11,Time,72.31072759628296
NSGAII,ZDT1,12,IGD,0.023272918437757733
NSGAII,ZDT1,12,HV,0.6311751696358161
NSGAII,ZDT1,12,Time,67.8994402885437
NSGAII,ZDT1,13,IGD,0.019755682931644303
NSGAII,ZDT1,13,HV,0.6361695381537088
NSGAII,ZDT1,13,Time,71.34827828407288
NSGAII,ZDT1,14,IGD,0.02501279715431972
NSGAII,ZDT1,14,HV,0.6282087943177812
NSGAII,ZDT1,14,Time,71.19600582122803
NSGAII,ZDT1,15,IGD,0.022463899199346004
NSGAII,ZDT1,15,HV,0.6320058780903542
NSGAII,ZDT1,15,Time,69.12320899963379
NSGAII,ZDT1,16,IGD,0.02306597167521471
NSGAII,ZDT1,16,HV,0.6310457739024967
NSGAII,ZDT1,16,Time,68.74981212615967
NSGAII,ZDT1,17,IGD,0.023495337472214172
NSGAII,ZDT1,17,HV,0.6303717158798853
NSGAII,ZDT1,17,Time,73.06060695648193
NSGAII,ZDT1,18,IGD,0.023888061973029902
NSGAII,ZDT1,18,HV,0.6298969696728035
NSGAII,ZDT1,18,Time,70.42450213432312
NSGAII,ZDT1,19,IGD,0.021714180936399402
NSGAII,ZDT1,19,HV,0.6331203630701913
NSGAII,ZDT1,19,Time,68.70560073852539
NSGAII,ZDT1,20,IGD,0.022610767964182217
NSGAII,ZDT1,20,HV,0.632064868655955
NSGAII,ZDT1,20,Time,69.07499074935913
NSGAII,ZDT1,21,IGD,0.020500220370063882
NSGAII,ZDT1,21,HV,0.6350336487525499
NSGAII,ZDT1,21,Time,69.54097867012024
NSGAII,ZDT1,22,IGD,0.02193958644140968
NSGAII,ZDT1,22,HV,0.6325374791234831
NSGAII,ZDT1,22,Time,69.32078433036804
NSGAII,ZDT1,23,IGD,0.020200428167695565
NSGAII,ZDT1,23,HV,0.6353051638161941
NSGAII,ZDT1,23,Time,70.67559146881104
NSGAII,ZDT1,24,IGD,0.02660974266347038
NSGAII,ZDT1,24,HV,0.6256957637509633
NSGAII,ZDT1,24,Time,68.4791579246521
NSGAII,ZDT1,25,IGD,0.022409201882497343
NSGAII,ZDT1,25,HV,0.6320313306548274
NSGAII,ZDT1,25,Time,69.38941049575806
NSGAII,ZDT1,26,IGD,0.020604042354902
NSGAII,ZDT1,26,HV,0.6350091953070853
NSGAII,ZDT1,26,Time,72.28686714172363
NSGAII,ZDT1,27,IGD,0.02609993426647312
NSGAII,ZDT1,27,HV,0.6268354545648723
NSGAII,ZDT1,27,Time,72.32908535003662
NSGAII,ZDT1,28,IGD,0.02463142269696943
NSGAII,ZDT1,28,HV,0.6289126354889636
NSGAII,ZDT1,28,Time,70.54752802848816
NSGAII,ZDT1,29,IGD,0.023600982403070785
NSGAII,ZDT1,29,HV,0.6304932522486266
NSGAII,ZDT1,29,Time,75.4301815032959
NSGAII,ZDT2,0,IGD,0.06038268115161619
NSGAII,ZDT2,0,HV,0.2586147700323553
NSGAII,ZDT2,0,Time,68.22019052505493
NSGAII,ZDT2,1,IGD,0.0605182431861787
NSGAII,ZDT2,1,HV,0.2603202083913758
NSGAII,ZDT2,1,Time,70.6118278503418
NSGAII,ZDT2,2,IGD,0.04894786728664275
NSGAII,ZDT2,2,HV,0.2694064723776001
NSGAII,ZDT2,2,Time,69.95077466964722
NSGAII,ZDT2,3,IGD,0.0559498376773611
NSGAII,ZDT2,3,HV,0.2628071304553045
NSGAII,ZDT2,3,Time,69.45598530769348
NSGAII,ZDT2,4,IGD,0.06531505355686235
NSGAII,ZDT2,4,HV,0.25237373764436316
NSGAII,ZDT2,4,Time,71.49495100975037
NSGAII,ZDT2,5,IGD,0.056835287952095116
NSGAII,ZDT2,5,HV,0.2557647550424957
NSGAII,ZDT2,5,Time,71.49609708786011
NSGAII,ZDT2,6,IGD,0.05911135071795329
NSGAII,ZDT2,6,HV,0.2538861735095158
NSGAII,ZDT2,6,Time,74.5969557762146
NSGAII,ZDT2,7,IGD,0.054743989668297854
NSGAII,ZDT2,7,HV,0.2622851408343437
NSGAII,ZDT2,7,Time,76.05927920341492
NSGAII,ZDT2,8,IGD,0.06068177830227604
NSGAII,ZDT2,8,HV,0.2540477717793744
NSGAII,ZDT2,8,Time,71.5455482006073
NSGAII,ZDT2,9,IGD,0.0578220290851706
NSGAII,ZDT2,9,HV,0.2572455654666616
NSGAII,ZDT2,9,Time,74.77110886573792
NSGAII,ZDT2,10,IGD,0.0568016148778077
NSGAII,ZDT2,10,HV,0.25859536017725676
NSGAII,ZDT2,10,Time,71.88706302642822
NSGAII,ZDT2,11,IGD,0.059901781734394255
NSGAII,ZDT2,11,HV,0.25789799649798933
NSGAII,ZDT2,11,Time,71.24351835250854
NSGAII,ZDT2,12,IGD,0.0635797198831902
NSGAII,ZDT2,12,HV,0.2555554331438837
NSGAII,ZDT2,12,Time,69.2156150341034
NSGAII,ZDT2,13,IGD,0.06133518409166166
NSGAII,ZDT2,13,HV,0.25453259644893256
NSGAII,ZDT2,13,Time,71.70746541023254
NSGAII,ZDT2,14,IGD,0.049600727309301644
NSGAII,ZDT2,14,HV,0.26828264620563075
NSGAII,ZDT2,14,Time,70.59302711486816
NSGAII,ZDT2,15,IGD,0.054111294076954065
NSGAII,ZDT2,15,HV,0.26374103737120913
NSGAII,ZDT2,15,Time,69.91028618812561
NSGAII,ZDT2,16,IGD,0.06482292814161154
NSGAII,ZDT2,16,HV,0.25034352524146863
NSGAII,ZDT2,16,Time,69.56377387046814
NSGAII,ZDT2,17,IGD,0.04262812555062691
NSGAII,ZDT2,17,HV,0.2751870028725819
NSGAII,ZDT2,17,Time,71.49879813194275
NSGAII,ZDT2,18,IGD,0.04506973418361603
NSGAII,ZDT2,18,HV,0.2738315499445274
NSGAII,ZDT2,18,Time,70.93806958198547
NSGAII,ZDT2,19,IGD,0.07294302511307595
NSGAII,ZDT2,19,HV,0.24061283490441632
NSGAII,ZDT2,19,Time,69.75943326950073
NSGAII,ZDT2,20,IGD,0.0473017712646349
NSGAII,ZDT2,20,HV,0.2682894169140705
NSGAII,ZDT2,20,Time,71.2871561050415
NSGAII,ZDT2,21,IGD,0.046116642338085115
NSGAII,ZDT2,21,HV,0.2695956525861825
NSGAII,ZDT2,21,Time,69.86935806274414
NSGAII,ZDT2,22,IGD,0.05598852680636966
NSGAII,ZDT2,22,HV,0.25913082857658115
NSGAII,ZDT2,22,Time,70.14681673049927
NSGAII,ZDT2,23,IGD,0.06489640412642933
NSGAII,ZDT2,23,HV,0.24988920938348727
NSGAII,ZDT2,23,Time,69.29929876327515
NSGAII,ZDT2,24,IGD,0.053142172182337986
NSGAII,ZDT2,24,HV,0.2630371774154222
NSGAII,ZDT2,24,Time,77.32170629501343
NSGAII,ZDT2,25,IGD,0.07812957091667774
NSGAII,ZDT2,25,HV,0.24085065984127074
NSGAII,ZDT2,25,Time,69.92593216896057
NSGAII,ZDT2,26,IGD,0.06666345527898145
NSGAII,ZDT2,26,HV,0.2521759117381641
NSGAII,ZDT2,26,Time,70.50129890441895
NSGAII,ZDT2,27,IGD,0.047436978410722336
NSGAII,ZDT2,27,HV,0.2682793411730421
NSGAII,ZDT2,27,Time,68.63952946662903
NSGAII,ZDT2,28,IGD,0.06151160009385459
NSGAII,ZDT2,28,HV,0.2538231518109241
NSGAII,ZDT2,28,Time,70.17053055763245
NSGAII,ZDT2,29,IGD,0.04373592597445302
NSGAII,ZDT2,29,HV,0.27203725059659206
NSGAII,ZDT2,29,Time,71.8997552394867
NSGAII,ZDT6,0,IGD,1.2860504696290023
NSGAII,ZDT6,0,HV,0.0
NSGAII,ZDT6,0,Time,68.26406407356262
NSGAII,ZDT6,1,IGD,1.3464643316802958
NSGAII,ZDT6,1,HV,0.0
NSGAII,ZDT6,1,Time,70.85151219367981
NSGAII,ZDT6,2,IGD,1.03155229880861
NSGAII,ZDT6,2,HV,0.0
NSGAII,ZDT6,2,Time,73.66091418266296
NSGAII,ZDT6,3,IGD,1.4241024951582744
NSGAII,ZDT6,3,HV,0.0
NSGAII,ZDT6,3,Time,71.91078233718872
NSGAII,ZDT6,4,IGD,1.3805745810250316
NSGAII,ZDT6,4,HV,0.0
NSGAII,ZDT6,4,Time,73.76574182510376
NSGAII,ZDT6,5,IGD,1.4129150731458644
NSGAII,ZDT6,5,HV,0.0
NSGAII,ZDT6,5,Time,75.86232233047485
NSGAII,ZDT6,6,IGD,1.4366475896516808
NSGAII,ZDT6,6,HV,0.0
NSGAII,ZDT6,6,Time,74.77709221839905
NSGAII,ZDT6,7,IGD,1.5589845944373042
NSGAII,ZDT6,7,HV,0.0
NSGAII,ZDT6,7,Time,73.40013647079468
NSGAII,ZDT6,8,IGD,1.4427101750232574
NSGAII,ZDT6,8,HV,0.0
NSGAII,ZDT6,8,Time,73.43021488189697
NSGAII,ZDT6,9,IGD,1.4473119309500502
NSGAII,ZDT6,9,HV,0.0
NSGAII,ZDT6,9,Time,73.90543341636658
NSGAII,ZDT6,10,IGD,1.4105399463441057
NSGAII,ZDT6,10,HV,0.0
NSGAII,ZDT6,10,Time,72.18418025970459
NSGAII,ZDT6,11,IGD,0.8703970504095877
NSGAII,ZDT6,11,HV,0.0
NSGAII,ZDT6,11,Time,68.70060920715332
NSGAII,ZDT6,12,IGD,1.4016708303346168
NSGAII,ZDT6,12,HV,0.0
NSGAII,ZDT6,12,Time,71.02250552177429
NSGAII,ZDT6,13,IGD,1.4400079390235527
NSGAII,ZDT6,13,HV,0.0
NSGAII,ZDT6,13,Time,70.5459337234497
NSGAII,ZDT6,14,IGD,1.4245497022231683
NSGAII,ZDT6,14,HV,0.0
NSGAII,ZDT6,14,Time,70.41180658340454
NSGAII,ZDT6,15,IGD,1.3446335996905974
NSGAII,ZDT6,15,HV,0.0
NSGAII,ZDT6,15,Time,69.87317728996277
NSGAII,ZDT6,16,IGD,1.4789539885372114
NSGAII,ZDT6,16,HV,0.0
NSGAII,ZDT6,16,Time,69.65252447128296
NSGAII,ZDT6,17,IGD,1.3398971869409066
NSGAII,ZDT6,17,HV,0.0
NSGAII,ZDT6,17,Time,70.77036571502686
NSGAII,ZDT6,18,IGD,0.7094978660209492
NSGAII,ZDT6,18,HV,0.0
NSGAII,ZDT6,18,Time,68.80456161499023
NSGAII,ZDT6,19,IGD,0.9654590517619164
NSGAII,ZDT6,19,HV,0.0
NSGAII,ZDT6,19,Time,74.88392519950867
NSGAII,ZDT6,20,IGD,0.8245751618615754
NSGAII,ZDT6,20,HV,0.0
NSGAII,ZDT6,20,Time,70.85313391685486
NSGAII,ZDT6,21,IGD,1.375574712821604
NSGAII,ZDT6,21,HV,0.0
NSGAII,ZDT6,21,Time,70.59846520423889
NSGAII,ZDT6,22,IGD,1.3484485830030761
NSGAII,ZDT6,22,HV,0.0
NSGAII,ZDT6,22,Time,71.35892248153687
NSGAII,ZDT6,23,IGD,0.871879758495968
NSGAII,ZDT6,23,HV,0.0
NSGAII,ZDT6,23,Time,69.24607062339783
NSGAII,ZDT6,24,IGD,1.3446065626851516
NSGAII,ZDT6,24,HV,0.0
NSGAII,ZDT6,24,Time,71.32234287261963
NSGAII,ZDT6,25,IGD,1.3473804746716704
NSGAII,ZDT6,25,HV,0.0
NSGAII,ZDT6,25,Time,70.86152482032776
NSGAII,ZDT6,26,IGD,1.4860589244995939
NSGAII,ZDT6,26,HV,0.0
NSGAII,ZDT6,26,Time,70.21613931655884
NSGAII,ZDT6,27,IGD,0.9120524467740209
NSGAII,ZDT6,27,HV,0.0
NSGAII,ZDT6,27,Time,69.7162709236145
NSGAII,ZDT6,28,IGD,1.3027403132095714
NSGAII,ZDT6,28,HV,0.0
NSGAII,ZDT6,28,Time,71.03846740722656
NSGAII,ZDT6,29,IGD,1.4048050245281964
NSGAII,ZDT6,29,HV,0.0
NSGAII,ZDT6,29,Time,71.7777259349823
MOEAD,Srinivas,0,IGD,0.4724351716023517
MOEAD,Srinivas,0,HV,0.0
MOEAD,Srinivas,0,Time,8.713283777236938
MOEAD,Srinivas,1,IGD,0.46027496050952865
MOEAD,Srinivas,1,HV,0.0
MOEAD,Srinivas,1,Time,8.708355903625488
MOEAD,Srinivas,2,IGD,0.46502277277476073
MOEAD,Srinivas,2,HV,0.0
MOEAD,Srinivas,2,Time,8.963796377182007
MOEAD,Srinivas,3,IGD,0.4693986689945203
MOEAD,Srinivas,3,HV,0.0
MOEAD,Srinivas,3,Time,8.746203899383545
MOEAD,Srinivas,4,IGD,0.4736189204351375
MOEAD,Srinivas,4,HV,0.0
MOEAD,Srinivas,4,Time,9.004947185516357
MOEAD,Srinivas,5,IGD,0.4611435338972803
MOEAD,Srinivas,5,HV,0.0
MOEAD,Srinivas,5,Time,9.716364860534668
MOEAD,Srinivas,6,IGD,0.4945564706564573
MOEAD,Srinivas,6,HV,0.0
MOEAD,Srinivas,6,Time,9.530753374099731
MOEAD,Srinivas,7,IGD,0.4700670105972982
MOEAD,Srinivas,7,HV,0.0
MOEAD,Srinivas,7,Time,9.80211091041565
MOEAD,Srinivas,8,IGD,0.49524914055183344
MOEAD,Srinivas,8,HV,0.0
MOEAD,Srinivas,8,Time,9.143916845321655
MOEAD,Srinivas,9,IGD,0.4776204487484597
MOEAD,Srinivas,9,HV,0.0
MOEAD,Srinivas,9,Time,9.279051303863525
MOEAD,Srinivas,10,IGD,0.47277608396471016
MOEAD,Srinivas,10,HV,0.0
MOEAD,Srinivas,10,Time,9.548480987548828
MOEAD,Srinivas,11,IGD,0.47185958593532495
MOEAD,Srinivas,11,HV,0.0
MOEAD,Srinivas,11,Time,9.738927841186523
MOEAD,Srinivas,12,IGD,0.4849228542498548
MOEAD,Srinivas,12,HV,0.0
MOEAD,Srinivas,12,Time,8.903306484222412
MOEAD,Srinivas,13,IGD,0.48396640950965253
MOEAD,Srinivas,13,HV,0.0
MOEAD,Srinivas,13,Time,8.751548528671265
MOEAD,Srinivas,14,IGD,0.47590238805394874
MOEAD,Srinivas,14,HV,0.0
MOEAD,Srinivas,14,Time,8.916557312011719
MOEAD,Srinivas,15,IGD,0.46700962863003603
MOEAD,Srinivas,15,HV,0.0
MOEAD,Srinivas,15,Time,9.370727300643921
MOEAD,Srinivas,16,IGD,0.47414152198725484
MOEAD,Srinivas,16,HV,0.0
MOEAD,Srinivas,16,Time,8.946876764297485
MOEAD,Srinivas,17,IGD,0.4509145480954575
MOEAD,Srinivas,17,HV,0.0
MOEAD,Srinivas,17,Time,9.556012630462646
MOEAD,Srinivas,18,IGD,0.46520186807363184
MOEAD,Srinivas,18,HV,0.0
MOEAD,Srinivas,18,Time,9.130204677581787
MOEAD,Srinivas,19,IGD,0.4810359478537157
MOEAD,Srinivas,19,HV,0.0
MOEAD,Srinivas,19,Time,8.774803400039673
MOEAD,Srinivas,20,IGD,0.49568755644522633
MOEAD,Srinivas,20,HV,0.0
MOEAD,Srinivas,20,Time,8.863665342330933
MOEAD,Srinivas,21,IGD,0.4719129945646871
MOEAD,Srinivas,21,HV,0.0
MOEAD,Srinivas,21,Time,8.814254999160767
MOEAD,Srinivas,22,IGD,0.48157439329522356
MOEAD,Srinivas,22,HV,0.0
MOEAD,Srinivas,22,Time,10.048638820648193
MOEAD,Srinivas,23,IGD,0.48408206907278944
MOEAD,Srinivas,23,HV,0.0
MOEAD,Srinivas,23,Time,9.189204692840576
MOEAD,Srinivas,24,IGD,0.48465978806370136
MOEAD,Srinivas,24,HV,0.0
MOEAD,Srinivas,24,Time,8.874855518341064
MOEAD,Srinivas,25,IGD,0.4926018446077511
MOEAD,Srinivas,25,HV,0.0
MOEAD,Srinivas,25,Time,8.667925357818604
MOEAD,Srinivas,26,IGD,0.48551122565721744
MOEAD,Srinivas,26,HV,0.0
MOEAD,Srinivas,26,Time,8.942533731460571
MOEAD,Srinivas,27,IGD,0.49546280113745717
MOEAD,Srinivas,27,HV,0.0
MOEAD,Srinivas,27,Time,8.692219018936157
MOEAD,Srinivas,28,IGD,0.4650733474215819
MOEAD,Srinivas,28,HV,0.0
MOEAD,Srinivas,28,Time,8.766029834747314
MOEAD,Srinivas,29,IGD,0.47371200261028523
MOEAD,Srinivas,29,HV,0.0
MOEAD,Srinivas,29,Time,9.038075685501099
MOEAD,ZDT1,0,IGD,0.9954236919522033
MOEAD,ZDT1,0,HV,0.0
MOEAD,ZDT1,0,Time,9.144168376922607
MOEAD,ZDT1,1,IGD,0.9142223587618583
MOEAD,ZDT1,1,HV,0.0
MOEAD,ZDT1,1,Time,10.132188320159912
MOEAD,ZDT1,2,IGD,0.9348346677148345
MOEAD,ZDT1,2,HV,0.0
MOEAD,ZDT1,2,Time,9.231972932815552
MOEAD,ZDT1,3,IGD,1.248545187548262
MOEAD,ZDT1,3,HV,0.0
MOEAD,ZDT1,3,Time,9.781591892242432
MOEAD,ZDT1,4,IGD,1.0559791984031095
MOEAD,ZDT1,4,HV,0.0
MOEAD,ZDT1,4,Time,9.76280951499939
MOEAD,ZDT1,5,IGD,0.9738081281451633
MOEAD,ZDT1,5,HV,0.0
MOEAD,ZDT1,5,Time,9.620893478393555
MOEAD,ZDT1,6,IGD,0.7860785892734345
MOEAD,ZDT1,6,HV,0.0012821934508224265
MOEAD,ZDT1,6,Time,11.422902345657349
MOEAD,ZDT1,7,IGD,0.9387531995638783
MOEAD,ZDT1,7,HV,0.0
MOEAD,ZDT1,7,Time,9.328698873519897
MOEAD,ZDT1,8,IGD,0.3253066301297333
MOEAD,ZDT1,8,HV,0.24641766461221007
MOEAD,ZDT1,8,Time,9.135125160217285
MOEAD,ZDT1,9,IGD,0.8566326334205148
MOEAD,ZDT1,9,HV,3.294473302817984e-05
MOEAD,ZDT1,9,Time,9.53329348564148
MOEAD,ZDT1,10,IGD,0.8724332761159818
MOEAD,ZDT1,10,HV,0.0
MOEAD,ZDT1,10,Time,9.769626140594482
MOEAD,ZDT1,11,IGD,0.7422900410234644
MOEAD,ZDT1,11,HV,0.005420320480590753
MOEAD,ZDT1,11,Time,9.480193853378296
MOEAD,ZDT1,12,IGD,0.9776744584888444
MOEAD,ZDT1,12,HV,0.0
MOEAD,ZDT1,12,Time,9.403422355651855
MOEAD,ZDT1,13,IGD,0.9472454560805219
MOEAD,ZDT1,13,HV,0.0
MOEAD,ZDT1,13,Time,9.981955528259277
MOEAD,ZDT1,14,IGD,1.1839276915181864
MOEAD,ZDT1,14,HV,0.0
MOEAD,ZDT1,14,Time,9.567109107971191
MOEAD,ZDT1,15,IGD,0.8800704240584458
MOEAD,ZDT1,15,HV,0.0
MOEAD,ZDT1,15,Time,9.441534519195557
MOEAD,ZDT1,16,IGD,1.121762906673725
MOEAD,ZDT1,16,HV,0.0
MOEAD,ZDT1,16,Time,9.682694673538208
MOEAD,ZDT1,17,IGD,0.7880711051164565
MOEAD,ZDT1,17,HV,0.003073712074568115
MOEAD,ZDT1,17,Time,9.586268424987793
MOEAD,ZDT1,18,IGD,0.9688416667093164
MOEAD,ZDT1,18,HV,0.0
MOEAD,ZDT1,18,Time,9.443435430526733
MOEAD,ZDT1,19,IGD,1.1183314117150023
MOEAD,ZDT1,19,HV,0.0
MOEAD,ZDT1,19,Time,10.098529577255249
MOEAD,ZDT1,20,IGD,1.0016297011897646
MOEAD,ZDT1,20,HV,0.0
MOEAD,ZDT1,20,Time,9.482651472091675
MOEAD,ZDT1,21,IGD,0.8780091039087358
MOEAD,ZDT1,21,HV,0.0
MOEAD,ZDT1,21,Time,9.39082407951355
MOEAD,ZDT1,22,IGD,1.0140343169147839
MOEAD,ZDT1,22,HV,0.0
MOEAD,ZDT1,22,Time,9.386706352233887
MOEAD,ZDT1,23,IGD,0.9681823411076509
MOEAD,ZDT1,23,HV,0.0
MOEAD,ZDT1,23,Time,9.681024312973022
MOEAD,ZDT1,24,IGD,1.0766622713293739
MOEAD,ZDT1,24,HV,0.0
MOEAD,ZDT1,24,Time,9.089814901351929
MOEAD,ZDT1,25,IGD,0.8226196728571722
MOEAD,ZDT1,25,HV,0.0002457838543431904
MOEAD,ZDT1,25,Time,9.220696926116943
MOEAD,ZDT1,26,IGD,1.075345196174671
MOEAD,ZDT1,26,HV,0.0
MOEAD,ZDT1,26,Time,9.86972951889038
MOEAD,ZDT1,27,IGD,1.1916854574510403
MOEAD,ZDT1,27,HV,0.0
MOEAD,ZDT1,27,Time,9.096445322036743
MOEAD,ZDT1,28,IGD,0.9640289818287479
MOEAD,ZDT1,28,HV,0.0
MOEAD,ZDT1,28,Time,9.332608699798584
MOEAD,ZDT1,29,IGD,1.1430971602278317
MOEAD,ZDT1,29,HV,0.0
MOEAD,ZDT1,29,Time,9.276395559310913
MOEAD,ZDT2,0,IGD,1.9218672523840314
MOEAD,ZDT2,0,HV,0.0
MOEAD,ZDT2,0,Time,8.306852102279663
MOEAD,ZDT2,1,IGD,1.8518243245064236
MOEAD,ZDT2,1,HV,0.0
MOEAD,ZDT2,1,Time,8.551010608673096
MOEAD,ZDT2,2,IGD,1.707362405825374
MOEAD,ZDT2,2,HV,0.0
MOEAD,ZDT2,2,Time,7.952916622161865
MOEAD,ZDT2,3,IGD,1.6499316164544324
MOEAD,ZDT2,3,HV,0.0
MOEAD,ZDT2,3,Time,7.967391729354858
MOEAD,ZDT2,4,IGD,1.1636392019372375
MOEAD,ZDT2,4,HV,0.0
MOEAD,ZDT2,4,Time,8.325250387191772
MOEAD,ZDT2,5,IGD,1.8600379434600778
MOEAD,ZDT2,5,HV,0.0
MOEAD,ZDT2,5,Time,10.463839054107666
MOEAD,ZDT2,6,IGD,1.794242571904446
MOEAD,ZDT2,6,HV,0.0
MOEAD,ZDT2,6,Time,9.914016008377075
MOEAD,ZDT2,7,IGD,1.6521298780800262
MOEAD,ZDT2,7,HV,0.0
MOEAD,ZDT2,7,Time,8.72602128982544
MOEAD,ZDT2,8,IGD,1.1920902916983975
MOEAD,ZDT2,8,HV,0.0
MOEAD,ZDT2,8,Time,8.38991665840149
MOEAD,ZDT2,9,IGD,1.1795081558225562
MOEAD,ZDT2,9,HV,0.0
MOEAD,ZDT2,9,Time,8.944503784179688
MOEAD,ZDT2,10,IGD,1.398589069428975
MOEAD,ZDT2,10,HV,0.0
MOEAD,ZDT2,10,Time,8.920135498046875
MOEAD,ZDT2,11,IGD,1.6811013576930316
MOEAD,ZDT2,11,HV,0.0
MOEAD,ZDT2,11,Time,8.530971765518188
MOEAD,ZDT2,12,IGD,1.2734485651671297
MOEAD,ZDT2,12,HV,0.0
MOEAD,ZDT2,12,Time,7.959188461303711
MOEAD,ZDT2,13,IGD,1.687058554596732
MOEAD,ZDT2,13,HV,0.0
MOEAD,ZDT2,13,Time,8.066517114639282
MOEAD,ZDT2,14,IGD,1.9722207379710273
MOEAD,ZDT2,14,HV,0.0
MOEAD,ZDT2,14,Time,8.496980905532837
MOEAD,ZDT2,15,IGD,1.305394380856941
MOEAD,ZDT2,15,HV,0.0
MOEAD,ZDT2,15,Time,9.365278959274292
MOEAD,ZDT2,16,IGD,1.9043244270679531
MOEAD,ZDT2,16,HV,0.0
MOEAD,ZDT2,16,Time,9.148382902145386
MOEAD,ZDT2,17,IGD,1.6162658297660772
MOEAD,ZDT2,17,HV,0.0
MOEAD,ZDT2,17,Time,8.918394565582275
MOEAD,ZDT2,18,IGD,1.5452436810641725
MOEAD,ZDT2,18,HV,0.0
MOEAD,ZDT2,18,Time,8.763325214385986
MOEAD,ZDT2,19,IGD,1.6952342498407929
MOEAD,ZDT2,19,HV,0.0
MOEAD,ZDT2,19,Time,8.336117029190063
MOEAD,ZDT2,20,IGD,1.6105091121565855
MOEAD,ZDT2,20,HV,0.0
MOEAD,ZDT2,20,Time,8.203546524047852
MOEAD,ZDT2,21,IGD,1.6346835716781336
MOEAD,ZDT2,21,HV,0.0
MOEAD,ZDT2,21,Time,8.038793325424194
MOEAD,ZDT2,22,IGD,1.6223581298084815
MOEAD,ZDT2,22,HV,0.0
MOEAD,ZDT2,22,Time,8.89804482460022
MOEAD,ZDT2,23,IGD,1.6717653384657718
MOEAD,ZDT2,23,HV,0.0
MOEAD,ZDT2,23,Time,8.705757856369019
MOEAD,ZDT2,24,IGD,1.2569776408484945
MOEAD,ZDT2,24,HV,0.0
MOEAD,ZDT2,24,Time,8.954315423965454
MOEAD,ZDT2,25,IGD,1.8505800738905878
MOEAD,ZDT2,25,HV,0.0
MOEAD,ZDT2,25,Time,9.15525484085083
MOEAD,ZDT2,26,IGD,1.6422435476631612
MOEAD,ZDT2,26,HV,0.0
MOEAD,ZDT2,26,Time,8.401866436004639
MOEAD,ZDT2,27,IGD,1.7438868826332927
MOEAD,ZDT2,27,HV,0.0
MOEAD,ZDT2,27,Time,8.48532748222351
MOEAD,ZDT2,28,IGD,1.4525717703893515
MOEAD,ZDT2,28,HV,0.0
MOEAD,ZDT2,28,Time,8.272456169128418
MOEAD,ZDT2,29,IGD,1.7209741946484038
MOEAD,ZDT2,29,HV,0.0
MOEAD,ZDT2,29,Time,8.19071340560913
MOEAD,ZDT6,0,IGD,0.526792268121044
MOEAD,ZDT6,0,HV,0.014462855731545567
MOEAD,ZDT6,0,Time,5.502990961074829
MOEAD,ZDT6,1,IGD,1.752366029498311
MOEAD,ZDT6,1,HV,0.0
MOEAD,ZDT6,1,Time,5.740758180618286
MOEAD,ZDT6,2,IGD,0.2040430789418047
MOEAD,ZDT6,2,HV,0.19071143093601547
MOEAD,ZDT6,2,Time,5.701699733734131
MOEAD,ZDT6,3,IGD,0.7887222419336208
MOEAD,ZDT6,3,HV,1.1721105434787022e-05
MOEAD,ZDT6,3,Time,5.778309345245361
MOEAD,ZDT6,4,IGD,0.7872720073373426
MOEAD,ZDT6,4,HV,2.6384347478163254e-05
MOEAD,ZDT6,4,Time,6.200464248657227
MOEAD,ZDT6,5,IGD,0.0314221248702722
MOEAD,ZDT6,5,HV,0.29199741462896245
MOEAD,ZDT6,5,Time,6.537089586257935
MOEAD,ZDT6,6,IGD,1.6806309582341927
MOEAD,ZDT6,6,HV,0.0
MOEAD,ZDT6,6,Time,6.027887344360352
MOEAD,ZDT6,7,IGD,1.6922426683156107
MOEAD,ZDT6,7,HV,0.0
MOEAD,ZDT6,7,Time,6.039122104644775
MOEAD,ZDT6,8,IGD,0.7185656503905391
MOEAD,ZDT6,8,HV,0.006473371922141686
MOEAD,ZDT6,8,Time,6.107086896896362
MOEAD,ZDT6,9,IGD,1.244774401290508
MOEAD,ZDT6,9,HV,0.0
MOEAD,ZDT6,9,Time,6.0933427810668945
MOEAD,ZDT6,10,IGD,0.42409811455715296
MOEAD,ZDT6,10,HV,0.09204369265009778
MOEAD,ZDT6,10,Time,5.977762699127197
MOEAD,ZDT6,11,IGD,0.47132347611893244
MOEAD,ZDT6,11,HV,0.0801985632195624
MOEAD,ZDT6,11,Time,5.625538349151611
MOEAD,ZDT6,12,IGD,1.5049940300927447
MOEAD,ZDT6,12,HV,0.0
MOEAD,ZDT6,12,Time,5.624547958374023
MOEAD,ZDT6,13,IGD,0.08343042384159213
MOEAD,ZDT6,13,HV,0.25143013048829393
MOEAD,ZDT6,13,Time,6.200748920440674
MOEAD,ZDT6,14,IGD,1.8743797368470856
MOEAD,ZDT6,14,HV,0.0
MOEAD,ZDT6,14,Time,5.8511340618133545
MOEAD,ZDT6,15,IGD,0.2345584501538714
MOEAD,ZDT6,15,HV,0.18107174567680537
MOEAD,ZDT6,15,Time,5.717791795730591
MOEAD,ZDT6,16,IGD,1.1954695748408335
MOEAD,ZDT6,16,HV,0.0
MOEAD,ZDT6,16,Time,6.06266188621521
MOEAD,ZDT6,17,IGD,0.7916071232900179
MOEAD,ZDT6,17,HV,0.0
MOEAD,ZDT6,17,Time,5.6826441287994385
MOEAD,ZDT6,18,IGD,0.7916071232900179
MOEAD,ZDT6,18,HV,0.0
MOEAD,ZDT6,18,Time,5.800867557525635
MOEAD,ZDT6,19,IGD,0.26667597118848224
MOEAD,ZDT6,19,HV,0.1723283266951586
MOEAD,ZDT6,19,Time,5.545675754547119
MOEAD,ZDT6,20,IGD,0.04583163881565603
MOEAD,ZDT6,20,HV,0.27703429126368195
MOEAD,ZDT6,20,Time,5.5192015171051025
MOEAD,ZDT6,21,IGD,0.1116955952925035
MOEAD,ZDT6,21,HV,0.23731629736077284
MOEAD,ZDT6,21,Time,5.691943168640137
MOEAD,ZDT6,22,IGD,1.75907113968071
MOEAD,ZDT6,22,HV,0.0
MOEAD,ZDT6,22,Time,5.780360221862793
MOEAD,ZDT6,23,IGD,0.5948290552149722
MOEAD,ZDT6,23,HV,0.027014956576151217
MOEAD,ZDT6,23,Time,6.037506341934204
MOEAD,ZDT6,24,IGD,0.2285007278627411
MOEAD,ZDT6,24,HV,0.15971299080672974
MOEAD,ZDT6,24,Time,5.800346612930298
MOEAD,ZDT6,25,IGD,1.383824400894361
MOEAD,ZDT6,25,HV,0.0
MOEAD,ZDT6,25,Time,5.882474660873413
MOEAD,ZDT6,26,IGD,0.013665555257928588
MOEAD,ZDT6,26,HV,0.31740332916560215
MOEAD,ZDT6,26,Time,5.474512338638306
MOEAD,ZDT6,27,IGD,2.0478941965884836
MOEAD,ZDT6,27,HV,0.0
MOEAD,ZDT6,27,Time,5.945057153701782
MOEAD,ZDT6,28,IGD,0.08765406755557217
MOEAD,ZDT6,28,HV,0.24722006391521142
MOEAD,ZDT6,28,Time,5.904788017272949
MOEAD,ZDT6,29,IGD,0.27656274004074377
MOEAD,ZDT6,29,HV,0.16296719369794802
MOEAD,ZDT6,29,Time,5.724401950836182
OMOPSO,Srinivas,0,IGD,0.05280743033479119
OMOPSO,Srinivas,0,HV,0.0
OMOPSO,Srinivas,0,Time,53.45876693725586
OMOPSO,Srinivas,1,IGD,0.05257498710095273
OMOPSO,Srinivas,1,HV,0.0
OMOPSO,Srinivas,1,Time,46.928730964660645
OMOPSO,Srinivas,2,IGD,0.05017727663283476
OMOPSO,Srinivas,2,HV,0.0
OMOPSO,Srinivas,2,Time,37.337743043899536
OMOPSO,Srinivas,3,IGD,0.05093681635683333
OMOPSO,Srinivas,3,HV,0.0
OMOPSO,Srinivas,3,Time,39.1621527671814
OMOPSO,Srinivas,4,IGD,0.04850004227535281
OMOPSO,Srinivas,4,HV,0.0
OMOPSO,Srinivas,4,Time,47.605501890182495
OMOPSO,Srinivas,5,IGD,0.0507290801252345
OMOPSO,Srinivas,5,HV,0.0
OMOPSO,Srinivas,5,Time,57.949992179870605
OMOPSO,Srinivas,6,IGD,0.050803397199811834
OMOPSO,Srinivas,6,HV,0.0
OMOPSO,Srinivas,6,Time,45.04540991783142
OMOPSO,Srinivas,7,IGD,0.05142277071171838
OMOPSO,Srinivas,7,HV,0.0
OMOPSO,Srinivas,7,Time,48.941046476364136
OMOPSO,Srinivas,8,IGD,0.047457163927072964
OMOPSO,Srinivas,8,HV,0.0
OMOPSO,Srinivas,8,Time,44.63940787315369
OMOPSO,Srinivas,9,IGD,0.05037665554164748
OMOPSO,Srinivas,9,HV,0.0
OMOPSO,Srinivas,9,Time,41.27108716964722
OMOPSO,Srinivas,10,IGD,0.052313260283026596
OMOPSO,Srinivas,10,HV,0.0
OMOPSO,Srinivas,10,Time,48.85992193222046
OMOPSO,Srinivas,11,IGD,0.051854519062770915
OMOPSO,Srinivas,11,HV,0.0
OMOPSO,Srinivas,11,Time,45.575817346572876
OMOPSO,Srinivas,12,IGD,0.04950542381666604
OMOPSO,Srinivas,12,HV,0.0
OMOPSO,Srinivas,12,Time,45.01985812187195
OMOPSO,Srinivas,13,IGD,0.05199533828460982
OMOPSO,Srinivas,13,HV,0.0
OMOPSO,Srinivas,13,Time,48.51208782196045
OMOPSO,Srinivas,14,IGD,0.04935457565758403
OMOPSO,Srinivas,14,HV,0.0
OMOPSO,Srinivas,14,Time,48.06159996986389
OMOPSO,Srinivas,15,IGD,0.05015686861753232
OMOPSO,Srinivas,15,HV,0.0
OMOPSO,Srinivas,15,Time,43.9136323928833
OMOPSO,Srinivas,16,IGD,0.04814975025771425
OMOPSO,Srinivas,16,HV,0.0
OMOPSO,Srinivas,16,Time,42.49527716636658
OMOPSO,Srinivas,17,IGD,0.05118312825006529
OMOPSO,Srinivas,17,HV,0.0
OMOPSO,Srinivas,17,Time,46.89052152633667
OMOPSO,Srinivas,18,IGD,0.05106069627671076
OMOPSO,Srinivas,18,HV,0.0
OMOPSO,Srinivas,18,Time,43.072636127471924
OMOPSO,Srinivas,19,IGD,0.05599617432345036
OMOPSO,Srinivas,19,HV,0.0
OMOPSO,Srinivas,19,Time,44.97382116317749
OMOPSO,Srinivas,20,IGD,0.05190556587200884
OMOPSO,Srinivas,20,HV,0.0
OMOPSO,Srinivas,20,Time,42.852091550827026
OMOPSO,Srinivas,21,IGD,0.05359528331956713
OMOPSO,Srinivas,21,HV,0.0
OMOPSO,Srinivas,21,Time,41.645429372787476
OMOPSO,Srinivas,22,IGD,0.04905038631520228
OMOPSO,Srinivas,22,HV,0.0
OMOPSO,Srinivas,22,Time,48.215309858322144
OMOPSO,Srinivas,23,IGD,0.0527795442878964
OMOPSO,Srinivas,23,HV,0.0
OMOPSO,Srinivas,23,Time,42.45229935646057
OMOPSO,Srinivas,24,IGD,0.05085547620167382
OMOPSO,Srinivas,24,HV,0.0
OMOPSO,Srinivas,24,Time,47.495065212249756
OMOPSO,Srinivas,25,IGD,0.05159666790830681
OMOPSO,Srinivas,25,HV,0.0
OMOPSO,Srinivas,25,Time,47.46202564239502
OMOPSO,Srinivas,26,IGD,0.04697531098854023
OMOPSO,Srinivas,26,HV,0.0
OMOPSO,Srinivas,26,Time,52.181350231170654
OMOPSO,Srinivas,27,IGD,0.04893221557625837
OMOPSO,Srinivas,27,HV,0.0
OMOPSO,Srinivas,27,Time,44.081586837768555
OMOPSO,Srinivas,28,IGD,0.05057336311610365
OMOPSO,Srinivas,28,HV,0.0
OMOPSO,Srinivas,28,Time,51.29815316200256
OMOPSO,Srinivas,29,IGD,0.048964631085968296
OMOPSO,Srinivas,29,HV,0.0
OMOPSO,Srinivas,29,Time,47.586371660232544
OMOPSO,ZDT1,0,IGD,0.003983860279216125
OMOPSO,ZDT1,0,HV,0.6613018759003544
OMOPSO,ZDT1,0,Time,6.014827728271484
OMOPSO,ZDT1,1,IGD,0.0040498823690827525
OMOPSO,ZDT1,1,HV,0.6611989655144868
OMOPSO,ZDT1,1,Time,6.411742687225342
OMOPSO,ZDT1,2,IGD,0.003916411065980138
OMOPSO,ZDT1,2,HV,0.661477051601339
OMOPSO,ZDT1,2,Time,6.215719699859619
OMOPSO,ZDT1,3,IGD,0.004034879019898727
OMOPSO,ZDT1,3,HV,0.6610958123572812
OMOPSO,ZDT1,3,Time,6.128087043762207
OMOPSO,ZDT1,4,IGD,0.003940492480786101
OMOPSO,ZDT1,4,HV,0.661527603443073
OMOPSO,ZDT1,4,Time,5.88994574546814
OMOPSO,ZDT1,5,IGD,0.004395826583793373
OMOPSO,ZDT1,5,HV,0.6601406904726832
OMOPSO,ZDT1,5,Time,5.767696380615234
OMOPSO,ZDT1,6,IGD,0.003947514238662794
OMOPSO,ZDT1,6,HV,0.6613999557433327
OMOPSO,ZDT1,6,Time,6.503369569778442
OMOPSO,ZDT1,7,IGD,0.004014514674205094
OMOPSO,ZDT1,7,HV,0.6610101952217449
OMOPSO,ZDT1,7,Time,7.170722007751465
OMOPSO,ZDT1,8,IGD,0.003939215344462987
OMOPSO,ZDT1,8,HV,0.6613332408608917
OMOPSO,ZDT1,8,Time,5.931460857391357
OMOPSO,ZDT1,9,IGD,0.004360981552998502
OMOPSO,ZDT1,9,HV,0.6601556094671257
OMOPSO,ZDT1,9,Time,5.884290456771851
OMOPSO,ZDT1,10,IGD,0.0039144340640514105
OMOPSO,ZDT1,10,HV,0.6614656917037331
OMOPSO,ZDT1,10,Time,6.359203338623047
OMOPSO,ZDT1,11,IGD,0.004037768467434895
OMOPSO,ZDT1,11,HV,0.6612136981781651
OMOPSO,ZDT1,11,Time,6.216089487075806
OMOPSO,ZDT1,12,IGD,0.004123371477508659
OMOPSO,ZDT1,12,HV,0.6608034853175614
OMOPSO,ZDT1,12,Time,6.123051643371582
OMOPSO,ZDT1,13,IGD,0.004223759471127137
OMOPSO,ZDT1,13,HV,0.6606421906497479
OMOPSO,ZDT1,13,Time,5.9301629066467285
OMOPSO,ZDT1,14,IGD,0.004214271137647605
OMOPSO,ZDT1,14,HV,0.6606524651405125
OMOPSO,ZDT1,14,Time,5.668613910675049
OMOPSO,ZDT1,15,IGD,0.004056151055368619
OMOPSO,ZDT1,15,HV,0.6610684253749062
OMOPSO,ZDT1,15,Time,5.722257137298584
OMOPSO,ZDT1,16,IGD,0.004078213769716087
OMOPSO,ZDT1,16,HV,0.6610888072273171
OMOPSO,ZDT1,16,Time,5.685676336288452
OMOPSO,ZDT1,17,IGD,0.0040133245889084025
OMOPSO,ZDT1,17,HV,0.6612662734792812
OMOPSO,ZDT1,17,Time,5.969699382781982
OMOPSO,ZDT1,18,IGD,0.004101905597036798
OMOPSO,ZDT1,18,HV,0.6608796589445417
OMOPSO,ZDT1,18,Time,5.801523447036743
OMOPSO,ZDT1,19,IGD,0.003959487269937567
OMOPSO,ZDT1,19,HV,0.6613860191425928
OMOPSO,ZDT1,19,Time,6.9103124141693115
OMOPSO,ZDT1,20,IGD,0.004121066592501423
OMOPSO,ZDT1,20,HV,0.6607529835809612
OMOPSO,ZDT1,20,Time,5.844274282455444
OMOPSO,ZDT1,21,IGD,0.003937782361786664
OMOPSO,ZDT1,21,HV,0.661455574327095
OMOPSO,ZDT1,21,Time,5.8936848640441895
OMOPSO,ZDT1,22,IGD,0.004203811785980915
OMOPSO,ZDT1,22,HV,0.6606148543496294
OMOPSO,ZDT1,22,Time,5.6241607666015625
OMOPSO,ZDT1,23,IGD,0.003941636848996601
OMOPSO,ZDT1,23,HV,0.6615386833679167
OMOPSO,ZDT1,23,Time,5.969062328338623
OMOPSO,ZDT1,24,IGD,0.003903527375599266
OMOPSO,ZDT1,24,HV,0.6616502432083925
OMOPSO,ZDT1,24,Time,6.138039827346802
OMOPSO,ZDT1,25,IGD,0.004108793185525621
OMOPSO,ZDT1,25,HV,0.6610561710483928
OMOPSO,ZDT1,25,Time,5.733113765716553
OMOPSO,ZDT1,26,IGD,0.0042074572067569435
OMOPSO,ZDT1,26,HV,0.6607627769328972
OMOPSO,ZDT1,26,Time,5.867892503738403
OMOPSO,ZDT1,27,IGD,0.004305328898944624
OMOPSO,ZDT1,27,HV,0.6603287356806437
OMOPSO,ZDT1,27,Time,5.566802024841309
OMOPSO,ZDT1,28,IGD,0.00394425031470923
OMOPSO,ZDT1,28,HV,0.6614918359222849
OMOPSO,ZDT1,28,Time,5.833456993103027
OMOPSO,ZDT1,29,IGD,0.004116249314591359
OMOPSO,ZDT1,29,HV,0.6609388262125011
OMOPSO,ZDT1,29,Time,5.8618550300598145
OMOPSO,ZDT2,0,IGD,0.004914576662959021
OMOPSO,ZDT2,0,HV,0.328375616459509
OMOPSO,ZDT2,0,Time,5.875722885131836
OMOPSO,ZDT2,1,IGD,0.005150097018239581
OMOPSO,ZDT2,1,HV,0.32798792503331653
OMOPSO,ZDT2,1,Time,5.582016229629517
OMOPSO,ZDT2,2,IGD,0.004906661787757205
OMOPSO,ZDT2,2,HV,0.3285464498195704
OMOPSO,ZDT2,2,Time,5.978148937225342
OMOPSO,ZDT2,3,IGD,0.004996948556178339
OMOPSO,ZDT2,3,HV,0.32823683122701885
OMOPSO,ZDT2,3,Time,5.248046636581421
OMOPSO,ZDT2,4,IGD,0.005034950611684035
OMOPSO,ZDT2,4,HV,0.3282485279278304
OMOPSO,ZDT2,4,Time,6.298541784286499
OMOPSO,ZDT2,5,IGD,0.00488463554334079
OMOPSO,ZDT2,5,HV,0.32843455163095064
OMOPSO,ZDT2,5,Time,5.859866619110107
OMOPSO,ZDT2,6,IGD,0.004873904922102602
OMOPSO,ZDT2,6,HV,0.32840918129348057
OMOPSO,ZDT2,6,Time,7.2169129848480225
OMOPSO,ZDT2,7,IGD,0.004885408831931665
OMOPSO,ZDT2,7,HV,0.3284994879465831
OMOPSO,ZDT2,7,Time,5.986699342727661
OMOPSO,ZDT2,8,IGD,0.004821067598521977
OMOPSO,ZDT2,8,HV,0.3285881680728142
OMOPSO,ZDT2,8,Time,5.662761211395264
OMOPSO,ZDT2,9,IGD,0.004957813328043082
OMOPSO,ZDT2,9,HV,0.3283181445008025
OMOPSO,ZDT2,9,Time,6.055485486984253
OMOPSO,ZDT2,10,IGD,0.004838474493873152
OMOPSO,ZDT2,10,HV,0.32855917724265493
OMOPSO,ZDT2,10,Time,5.67076301574707
OMOPSO,ZDT2,11,IGD,0.004840332344120707
OMOPSO,ZDT2,11,HV,0.3285555852037868
OMOPSO,ZDT2,11,Time,5.460521459579468
OMOPSO,ZDT2,12,IGD,0.004920137231245953
OMOPSO,ZDT2,12,HV,0.32844214565661617
OMOPSO,ZDT2,12,Time,5.307018041610718
OMOPSO,ZDT2,13,IGD,0.0049440638731621965
OMOPSO,ZDT2,13,HV,0.32820694336996825
OMOPSO,ZDT2,13,Time,6.179647445678711
OMOPSO,ZDT2,14,IGD,0.0049283789986904
OMOPSO,ZDT2,14,HV,0.3282987982829235
OMOPSO,ZDT2,14,Time,5.567092418670654
OMOPSO,ZDT2,15,IGD,0.005089961137685373
OMOPSO,ZDT2,15,HV,0.3279126630288082
OMOPSO,ZDT2,15,Time,5.058902263641357
OMOPSO,ZDT2,16,IGD,0.004927603139832925
OMOPSO,ZDT2,16,HV,0.32830253000660875
OMOPSO,ZDT2,16,Time,5.24614691734314
OMOPSO,ZDT2,17,IGD,0.004916672032277589
OMOPSO,ZDT2,17,HV,0.32843189577548637
OMOPSO,ZDT2,17,Time,8.326758861541748
OMOPSO,ZDT2,18,IGD,0.004891567847142404
OMOPSO,ZDT2,18,HV,0.32839199239200373
OMOPSO,ZDT2,18,Time,5.261340379714966
OMOPSO,ZDT2,19,IGD,0.004934471480311563
OMOPSO,ZDT2,19,HV,0.32838580215344226
OMOPSO,ZDT2,19,Time,5.376993417739868
OMOPSO,ZDT2,20,IGD,0.004946298266021006
OMOPSO,ZDT2,20,HV,0.3281919768398532
OMOPSO,ZDT2,20,Time,5.505627155303955
OMOPSO,ZDT2,21,IGD,0.0049255911986544575
OMOPSO,ZDT2,21,HV,0.3284521289399653
OMOPSO,ZDT2,21,Time,5.685942888259888
OMOPSO,ZDT2,22,IGD,0.0049095383508966466
OMOPSO,ZDT2,22,HV,0.32847370304870394
OMOPSO,ZDT2,22,Time,5.513037204742432
OMOPSO,ZDT2,23,IGD,0.0053177619818208155
OMOPSO,ZDT2,23,HV,0.3276595014237022
OMOPSO,ZDT2,23,Time,5.359333038330078
OMOPSO,ZDT2,24,IGD,0.00488583663323374
OMOPSO,ZDT2,24,HV,0.3285206998810846
OMOPSO,ZDT2,24,Time,5.5200581550598145
OMOPSO,ZDT2,25,IGD,0.004916953832285057
OMOPSO,ZDT2,25,HV,0.328367120265151
OMOPSO,ZDT2,25,Time,5.913646459579468
OMOPSO,ZDT2,26,IGD,0.004941812964334433
OMOPSO,ZDT2,26,HV,0.3283056843352567
OMOPSO,ZDT2,26,Time,5.522712469100952
OMOPSO,ZDT2,27,IGD,0.0050047193906645965
OMOPSO,ZDT2,27,HV,0.3279125965253409
OMOPSO,ZDT2,27,Time,5.379962682723999
OMOPSO,ZDT2,28,IGD,0.004870370512177564
OMOPSO,ZDT2,28,HV,0.3284822427985857
OMOPSO,ZDT2,28,Time,5.485506296157837
OMOPSO,ZDT2,29,IGD,0.004821518536236101
OMOPSO,ZDT2,29,HV,0.3286014883285818
OMOPSO,ZDT2,29,Time,5.8063249588012695
OMOPSO,ZDT6,0,IGD,0.0033892529182855354
OMOPSO,ZDT6,0,HV,0.32874653998209924
OMOPSO,ZDT6,0,Time,2.9591734409332275
OMOPSO,ZDT6,1,IGD,0.003478319771817473
OMOPSO,ZDT6,1,HV,0.3286310379892946
OMOPSO,ZDT6,1,Time,2.654290199279785
OMOPSO,ZDT6,2,IGD,0.00343993108596286
OMOPSO,ZDT6,2,HV,0.32868098012093827
OMOPSO,ZDT6,2,Time,2.535520553588867
OMOPSO,ZDT6,3,IGD,0.003440765247341213
OMOPSO,ZDT6,3,HV,0.3286874005027498
OMOPSO,ZDT6,3,Time,2.541576623916626
OMOPSO,ZDT6,4,IGD,0.0034429959173128254
OMOPSO,ZDT6,4,HV,0.3286636146568739
OMOPSO,ZDT6,4,Time,2.824146270751953
OMOPSO,ZDT6,5,IGD,0.003395292410207022
OMOPSO,ZDT6,5,HV,0.3287303746497386
OMOPSO,ZDT6,5,Time,3.5783872604370117
OMOPSO,ZDT6,6,IGD,0.0033904803288051983
OMOPSO,ZDT6,6,HV,0.3287443372244991
OMOPSO,ZDT6,6,Time,2.8506460189819336
OMOPSO,ZDT6,7,IGD,0.0034000185362311228
OMOPSO,ZDT6,7,HV,0.3287257135231468
OMOPSO,ZDT6,7,Time,2.885688543319702
OMOPSO,ZDT6,8,IGD,0.003439541558189197
OMOPSO,ZDT6,8,HV,0.3286668207618144
OMOPSO,ZDT6,8,Time,2.7933883666992188
OMOPSO,ZDT6,9,IGD,0.0033940705525967074
OMOPSO,ZDT6,9,HV,0.32874548995273545
OMOPSO,ZDT6,9,Time,2.8355252742767334
OMOPSO,ZDT6,10,IGD,0.0034075440333501423
OMOPSO,ZDT6,10,HV,0.3287081915312778
OMOPSO,ZDT6,10,Time,2.750260591506958
OMOPSO,ZDT6,11,IGD,0.00337436952289206
OMOPSO,ZDT6,11,HV,0.32874879892503667
OMOPSO,ZDT6,11,Time,2.659179449081421
OMOPSO,ZDT6,12,IGD,0.003386245870750699
OMOPSO,ZDT6,12,HV,0.3287405798368132
OMOPSO,ZDT6,12,Time,2.5209789276123047
OMOPSO,ZDT6,13,IGD,0.0033908367330050637
OMOPSO,ZDT6,13,HV,0.3287412398091959
OMOPSO,ZDT6,13,Time,2.661267042160034
OMOPSO,ZDT6,14,IGD,0.003474386180977669
OMOPSO,ZDT6,14,HV,0.32863068054403444
OMOPSO,ZDT6,14,Time,2.7489397525787354
OMOPSO,ZDT6,15,IGD,0.00338236426447385
OMOPSO,ZDT6,15,HV,0.32874437374377385
OMOPSO,ZDT6,15,Time,4.824804067611694
OMOPSO,ZDT6,16,IGD,0.003418719741859461
OMOPSO,ZDT6,16,HV,0.32870055640986123
OMOPSO,ZDT6,16,Time,2.6658682823181152
OMOPSO,ZDT6,17,IGD,0.0034731327284312943
OMOPSO,ZDT6,17,HV,0.32865675762415514
OMOPSO,ZDT6,17,Time,2.6076858043670654
OMOPSO,ZDT6,18,IGD,0.0034319506248895867
OMOPSO,ZDT6,18,HV,0.32869074016527633
OMOPSO,ZDT6,18,Time,2.5538737773895264
OMOPSO,ZDT6,19,IGD,0.0033970696550729472
OMOPSO,ZDT6,19,HV,0.32873160092173803
OMOPSO,ZDT6,19,Time,2.6477346420288086
OMOPSO,ZDT6,20,IGD,0.0034244337247259643
OMOPSO,ZDT6,20,HV,0.32871118922979287
OMOPSO,ZDT6,20,Time,2.5592381954193115
OMOPSO,ZDT6,21,IGD,0.003406736269042602
OMOPSO,ZDT6,21,HV,0.3287143224478768
OMOPSO,ZDT6,21,Time,2.650700330734253
OMOPSO,ZDT6,22,IGD,0.003413407095585673
OMOPSO,ZDT6,22,HV,0.3287311608141572
OMOPSO,ZDT6,22,Time,2.577623128890991
OMOPSO,ZDT6,23,IGD,0.0033841216826328182
OMOPSO,ZDT6,23,HV,0.32873639722898523
OMOPSO,ZDT6,23,Time,2.713961601257324
OMOPSO,ZDT6,24,IGD,0.0035437953165984963
OMOPSO,ZDT6,24,HV,0.3285578272368292
OMOPSO,ZDT6,24,Time,2.690006971359253
OMOPSO,ZDT6,25,IGD,0.003469771660546551
OMOPSO,ZDT6,25,HV,0.3286593714930449
OMOPSO,ZDT6,25,Time,2.6800787448883057
OMOPSO,ZDT6,26,IGD,0.003457344928074374
OMOPSO,ZDT6,26,HV,0.3286526073382172
OMOPSO,ZDT6,26,Time,2.6212892532348633
OMOPSO,ZDT6,27,IGD,0.0033922416299519745
OMOPSO,ZDT6,27,HV,0.32873342871575456
OMOPSO,ZDT6,27,Time,2.6609926223754883
OMOPSO,ZDT6,28,IGD,0.0035324250650056763
OMOPSO,ZDT6,28,HV,0.32859018932620554
OMOPSO,ZDT6,28,Time,2.5968215465545654
OMOPSO,ZDT6,29,IGD,0.003492893910594814
OMOPSO,ZDT6,29,HV,0.32863460509816356
OMOPSO,ZDT6,29,Time,2.6048965454101562
