Algorithm,Problem,Population,Crossover,Mutation,Time
nsgaii,ZDT1,100,0.9999464691930013,0.07586967077075592,21222.839813947678
nsgaii,ZDT2,100,0.9917254235394408,0.00013967369462327553,21584.45586705208
nsgaii,ZDT3,100,0.12396609247214169,0.12623382809133074,25875.768764019012
nsgaii,ZDT4,1000,0.9761556492802099,0.004975758215713765,76374.9870095253
nsgaii,ZDT6,1000,0.9719016269821108,0.0043385149414192576,80154.91706514359
moead,ZDT1,1000,0.9999943356610895,0.007263934131803844,12272.346382856369
moead,ZDT2,1000,0.9714833687520863,0.004259203631336097,11467.058502674103
moead,ZDT3,1000,0.9993946751608723,1.5120435751254935e-06,13779.626215219498
moead,ZDT4,1000,0.99798094572719,6.487442835771878e-05,13437.257675170898
moead,ZDT6,100,0.6896579620777541,9.36869829651183e-06,6552.338625669479
moead,WFG1,1000,0.999609039053985,0.19999891400391617,13072.777565479279
moead,WFG2,100,0.1004630792446506,0.1998537094922062,8471.386941671371
moead,WFG3,100,0.9997594672452564,0.1999964961272261,8619.57397699356
moead,WFG4,1000,0.9946426498941084,0.00016547789877876555,13659.163587808609
moead,WFG5,100,0.55,0.1,8201.246196985245
moead,WFG6,100,0.10000618715868424,0.07286486334776612,7984.648094415665
moead,WFG7,100,0.9999450242738748,0.18079019106199387,8933.40597653389
moead,WFG8,100,0.2352128793001653,0.04247634287784057,9424.048005104065
moead,WFG9,100,0.9992213113183407,9.746893019136725e-06,10172.626537799835
nsgaii,WFG1,1000,0.9712807967005068,0.004244703029429215,63749.99081492424
nsgaii,WFG2,100,0.9861789770150609,0.07061816089509458,23772.796520233154
nsgaii,WFG3,100,0.10034300114802835,3.848578077918072e-05,27112.39756822586
nsgaii,WFG4,100,0.43881785243066584,1.5302481475590759e-06,24985.5766787529
nsgaii,WFG5,100,0.10001800796245226,0.04288056251257186,24346.717137813568
nsgaii,WFG6,100,0.5511471360930569,0.10000730022175795,21234.539573192596
nsgaii,WFG7,100,0.5583809659736056,0.07971575949435317,23820.699992895126
nsgaii,WFG8,100,0.49679359930271116,0.06750542924932881,23330.061697006226
nsgaii,WFG9,100,0.5156500608974428,0.14377194122127154,28241.61946797371
nsgaii,IMB1,200,0.3247249623790336,0.06277163746142034,None
omopso,IMB1,100,None,0.0337933992366882,500
nsgaii,IMB1,600,0.1002200182451478,0.005388580621507387,None
omopso,IMB1,700,None,0.07660323162751898,900
nsgaii,IMB1,900,0.10153592671732922,0.032402521840216164,None
omopso,IMB1,100,None,0.19999048277342846,1000
cmpso,DTLZ1,1000,None,0.06415639629278662,500
cmpso,DTLZ6,800,None,0.029099273553016447,300
cmpso,DTLZ5,1000,None,0.03992103349411937,700
cmpso,DTLZ2,1000,None,0.1373092062268746,400
cmpso,DTLZ3,1000,None,0.18143155052793714,800
cmpso,DTLZ4,700,None,0.028694989718766613,300
moead,DTLZ4,100,0.10687375503713581,0.0044516357736802134,None
moead,DTLZ6,100,0.5584665354289726,0.006207883763967793,None
cmpso,DTLZ7,900,None,0.005239176415571634,700
moead,DTLZ5,100,0.8537730930780693,0.19581713156558334,None
moead,DTLZ2,100,0.9662342658106454,0.17633135003334433,None
moead,DTLZ3,1000,0.5363071681374011,0.19362113282547178,None
moead,DTLZ1,1000,0.8112332811814753,0.17577552036054067,None
moead,DTLZ7,100,0.5021906825480998,0.12154250726584055,None
ibea,DTLZ3,600,0.10982787984853697,0.15202585178736416,None
ibea,DTLZ2,600,0.5489760764737858,0.14973027133254024,None
omopso,DTLZ1,600,None,0.03661078685240284,700
ibea,DTLZ5,600,0.7141327373878906,0.012292752266853469,None
omopso,DTLZ3,200,None,0.14841442469014934,200
ibea,DTLZ6,600,0.10982787984853697,0.15202585178736416,None
ibea,DTLZ7,100,0.21511756062238696,0.044117246260894374,None
ibea,DTLZ1,100,0.21511756062238696,0.044117246260894374,None
ibea,DTLZ4,100,0.21511756062238696,0.044117246260894374,None
omopso,DTLZ4,700,None,0.17833027542716384,400
omopso,DTLZ6,600,None,0.18562151934517632,600
omopso,DTLZ2,600,None,0.15202585178736416,100
omopso,DTLZ5,800,None,0.19150764544647442,900
omopso,DTLZ7,600,None,0.1978153474071521,400
nsgaii,DTLZ1,200,0.3742294904818243,0.002037444224493209,None
smpso,DTLZ1,500,None,0.0928468403886932,100
nsgaii,DTLZ2,100,0.11146392597034906,0.11160921120623427,None
nsgaii,DTLZ3,900,0.12406401642482848,0.19724170671976848,None
smpso,DTLZ4,600,None,0.08308910819342948,100
nsgaii,DTLZ4,100,0.4290633462221972,0.157635539207706,None
smpso,DTLZ3,100,None,0.10206327555343007,100
smpso,DTLZ6,1000,None,0.16987308498692963,100
smpso,DTLZ2,400,None,0.0035247068065521027,100
smpso,DTLZ7,300,None,0.11665640763809355,100
nsgaii,DTLZ5,100,0.10025514322339273,0.016512293348001684,None
nsgaii,DTLZ6,1000,0.1039489700489013,0.1211819551717826,None
smpso,DTLZ5,500,None,0.14476124635861715,100
nsgaiii,DTLZ1,400,0.16167266700717564,0.0009115920038869741,None
nsgaii,DTLZ7,100,0.22401701517614714,0.0251214935314535,None
nsgaiii,DTLZ3,1000,0.15233571640980892,0.1972485193254047,None
nsgaiii,DTLZ2,100,0.21563388531665584,0.02679319179265498,None
nsgaiii,DTLZ5,100,0.21511756062238696,0.044117246260894374,None
nsgaiii,DTLZ4,100,0.1463192080173899,0.02344827909604499,None
nsgaiii,DTLZ6,1000,0.16872377101671254,0.112350888630424,None
nsgaiii,DTLZ7,100,0.47396338032948904,0.04862328640230922,None
moead,MOP5,100,0.8134127756021226,0.19211874019032116,None
moead,MOP1,100,0.6151969155458786,2.1609941195941015e-05,None
moead,MOP3,100,0.19290317513220617,0.0029786901572330642,None
moead,MOP4,100,0.10027835148852411,0.12844159327999838,None
moead,MOP2,500,0.10982787984853697,0.15202585178736416,None
cmpso,MOP1,300,None,0.021838059204849315,200
moead,MOP6,100,0.17279346035167914,0.0494485821426806,None
cmpso,MOP2,100,None,0.1,100
cmpso,MOP3,100,None,0.1,100
nsgaii,MOP5,100,0.2286668241335812,0.01687865245276683,None
nsgaii,MOP7,100,0.1581130814834614,0.03668151129185513,None
nsgaiii,MOP4,1000,0.641019173082192,0.15751096654063607,None
nsgaiii,MOP6,100,0.21511756062238696,0.044117246260894374,None
nsgaiii,MOP3,100,0.55,0.1,None
nsgaiii,MOP5,100,0.5803320355155208,0.13501239311261284,None
nsgaii,MOP1,100,0.24467955677229905,0.0053687159820786645,None
nsgaii,MOP6,100,0.21511756062238696,0.044117246260894374,None
nsgaiii,MOP1,100,0.348136113199602,0.0006650262365320847,None
omopso,MOP3,100,None,0.05295261429325109,1000
omopso,MOP2,100,None,0.1,100
omopso,MOP5,700,None,0.0861325567809161,500
cmpso,MOP4,1000,None,0.10070037754355937,800
nsgaiii,MOP2,100,0.55,0.1,None
nsgaii,MOP4,800,0.8705764899279005,0.11685341101216361,None
nsgaii,MOP3,100,0.4062770790004975,0.06264221243618465,None
nsgaii,MOP2,1000,0.7269863410590842,0.03471025399437577,None
nsgaiii,MOP7,100,0.401010754143738,0.02670446971823819,None
omopso,MOP1,800,None,0.17947562324362615,1000
omopso,MOP4,1000,None,0.09007319640086515,300
cmpso,MOP5,900,None,0.000595149868650835,1000
omopso,IMB9,800,None,0.18009614066715618,100
omopso,IMB8,1000,None,0.1656287328007473,200
omopso,IMB7,300,None,0.16100994578497638,400
moead,MOP7,100,0.21511756062238696,0.044117246260894374,None
omopso,IMB12,800,None,0.1922902779246755,1000
omopso,IMB11,1000,None,0.18341259408969882,400
omopso,IMB13,100,None,0.11178951897984231,100
omopso,IMB10,500,None,0.1886225491801031,900
cmpso,IMB11,100,None,0.044117246260894374,200
omopso,IMB14,1000,None,0.19467002831701422,100
cmpso,IMB13,900,None,0.07120093434446606,500
cmpso,IMB12,300,None,0.07894725191770256,500
smpso,IMB7,100,None,0.10161826655690279,100
smpso,IMB9,1000,None,0.07809605118117177,100
smpso,IMB8,900,None,0.19724170671976848,100
cmpso,IMB7,800,None,0.05954116323828791,1000
cmpso,IMB1,1000,None,0.04292673758487338,300
cmpso,IMB9,900,None,0.15380666554421157,800
cmpso,IMB3,1000,None,0.08873885081989169,800
cmpso,IMB2,900,None,0.08645046315092707,500
cmpso,IMB8,1000,None,0.04193180440161564,900
smpso,IMB14,300,None,0.19218917916707362,100
cmpso,IMB14,1000,None,0.06351832957084405,600
smpso,IMB10,200,None,0.10814518490645675,100
omopso,MOP7,700,None,0.06233147677624445,600
cmpso,IMB10,1000,None,0.15055456592841637,200
smpso,IMB6,700,None,0.1719464153565946,100
smpso,IMB3,100,None,0.044117246260894374,200
smpso,IMB11,300,None,0.12727234155556322,100
smpso,IMB12,100,None,0.003155295355101773,100
smpso,IMB1,300,None,0.08549441676582975,300
smpso,IMB5,300,None,0.16754620292369723,100
omopso,MOP6,800,None,0.06657727740763031,1000
smpso,IMB2,100,None,0.006076317308839819,300
smpso,IMB13,100,None,0.044117246260894374,200
omopso,IMB1,900,None,0.07972249464764518,900
ibea,MOP4,100,0.55,0.1,None
ibea,MOP3,100,0.55,0.1,None
ibea,MOP1,100,0.11146392597034906,0.11160921120623427,None
smpso,IMB4,1000,None,0.1419485686426791,100
ibea,MOP5,100,0.21511756062238696,0.044117246260894374,None
ibea,MOP2,100,0.55,0.1,None
omopso,IMB3,100,None,0.19494626266338988,900
omopso,IMB2,400,None,0.013911967104887447,700
cmpso,MOP6,100,None,0.09705281352392899,200
ibea,MOP7,100,0.55,0.1,None
ibea,MOP6,100,0.11146392597034906,0.11160921120623427,None
cmpso,MOP7,700,None,0.05667422255071182,600
cmpso,MOP7,700,None,0.12392240982874343,400
cmpso,IMB4,1000,None,0.06100358350086874,800
cmpso,IMB6,800,None,0.12046012963498674,500
cmpso,IMB5,1000,None,0.013088456406912675,800
omopso,IMB4,500,None,0.020826625473640826,600
omopso,IMB5,100,None,0.03384383547727112,900
omopso,IMB6,100,None,0.10426616700763258,900
moead,IMB1,100,0.7278388940467923,0.00012425115109561334,None
moead,IMB3,100,0.1891623516324695,0.019986583411076064,None
moead,IMB2,100,0.5628754630078985,0.06831578695445188,None
nsgaii,IMB2,1000,0.9854664830969657,0.020322992461145876,None
nsgaii,IMB1,500,0.1086728447960143,0.0018658801020353666,None
moead,IMB4,100,0.9330168958594465,0.07576214246294982,None
nsgaii,IMB4,100,0.11144054365823204,0.005043997913174603,None
nsgaii,IMB3,800,0.929812008235861,0.06066390816258765,None
nsgaii,IMB5,100,0.11146392597034906,0.11160921120623427,None
nsgaii,IMB8,900,0.207703088769646,0.18725512120358181,None
nsgaii,IMB6,100,0.16615396316700287,0.007827664615235942,None
nsgaii,IMB7,1000,0.19579641275354653,0.17094872099477607,None
moead,IMB5,100,0.9806719102874942,0.01633041082271789,None
nsgaii,IMB9,900,0.12406401642482848,0.19724170671976848,None
moead,IMB10,100,0.20775078515044354,0.00012017075983781892,None
moead,IMB11,100,0.14627260080261678,0.0006225225485430446,None
moead,IMB13,100,0.4969233799898837,0.030981756144060624,None
nsgaii,IMB10,1000,0.11368439006171126,0.0014331639214563152,None
nsgaii,IMB11,800,0.9939124403307864,0.14438194664446038,None
nsgaii,IMB13,100,0.9431289854199956,0.02023466187650498,None
nsgaii,IMB12,900,0.9694139445179002,0.1823678334231526,None
moead,IMB6,100,0.12168610791412897,0.0027457512700856685,None
nsgaiii,IMB1,1000,0.8574775390399854,0.13567185250500055,None
nsgaii,IMB14,100,0.12389182271619072,0.16581849091906617,None
nsgaiii,IMB2,800,0.929812008235861,0.06066390816258765,None
moead,IMB7,1000,0.10497283681097591,0.19592766981552917,None
nsgaiii,IMB3,900,0.9433827959245767,0.1562845027186011,None
moead,IMB14,100,0.23981477325826484,0.18908606831197838,None
nsgaiii,IMB5,100,0.2339463961012586,0.023688093972081936,None
nsgaiii,IMB6,100,0.21511756062238696,0.044117246260894374,None
moead,IMB9,1000,0.10643739083091708,0.199804095936852,None
nsgaiii,IMB4,100,0.21511756062238696,0.044117246260894374,None
nsgaiii,IMB7,1000,0.3003575350101603,0.18108793367513454,None
nsgaiii,IMB8,1000,0.3003575350101603,0.18108793367513454,None
moead,IMB12,100,0.37607589538844044,0.005519204238147688,None
nsgaiii,IMB9,1000,0.11276896211550708,0.18665357203102406,None
nsgaiii,IMB10,800,0.9905487633390384,0.10881601398426498,None
nsgaiii,IMB11,1000,0.8907714829274548,0.06196776172417824,None
nsgaiii,IMB13,100,0.6894558521535087,0.014356489582844613,None
nsgaiii,IMB12,100,0.348136113199602,0.0006650262365320847,None
nsgaiii,IMB14,1000,0.9965208599054235,0.16688265562016996,None
moead,IMB8,1000,0.13986057943471053,0.19069433292906687,None
cmpso,WFG4,900,None,0.1533719824347207,600
cmpso,WFG8,1000,None,0.10361047060005035,800
cmpso,WFG2,1000,None,0.025402599298002454,1000
ibea,IMB3,100,0.11146392597034906,0.11160921120623427,None
cmpso,WFG6,100,None,0.06700646315180782,200
ibea,IMB2,100,0.21511756062238696,0.044117246260894374,None
cmpso,WFG1,1000,None,0.19847656655931134,400
ibea,IMB5,100,0.55,0.1,None
cmpso,WFG7,100,None,0.0755226007214612,600
ibea,IMB8,600,0.10982787984853697,0.15202585178736416,None
ibea,IMB4,100,0.21511756062238696,0.044117246260894374,None
ibea,IMB6,100,0.21511756062238696,0.044117246260894374,None
cmpso,WFG3,100,None,0.12154250726584055,500
cmpso,WFG5,1000,None,0.13750118467171157,100
ibea,UF4,600,0.7141327373878906,0.012292752266853469,None
ibea,UF2,400,0.5002458419803041,0.09978602282115885,None
ibea,IMB11,100,0.21511756062238696,0.044117246260894374,None
ibea,UF1,100,0.21511756062238696,0.044117246260894374,None
ibea,IMB13,100,0.21511756062238696,0.044117246260894374,None
ibea,WFG1,100,0.11146392597034906,0.11160921120623427,None
ibea,IMB14,100,0.21511756062238696,0.044117246260894374,None
ibea,IMB12,100,0.55,0.1,None
ibea,UF9,100,0.11146392597034906,0.11160921120623427,None
ibea,UF7,100,0.21511756062238696,0.044117246260894374,None
ibea,UF6,600,0.5489760764737858,0.14973027133254024,None
ibea,WFG5,100,0.21511756062238696,0.044117246260894374,None
ibea,WFG2,100,0.21511756062238696,0.044117246260894374,None
ibea,IMB7,600,0.10982787984853697,0.15202585178736416,None
ibea,WFG3,100,0.21511756062238696,0.044117246260894374,None
ibea,IMB9,600,0.10982787984853697,0.15202585178736416,None
ibea,UF3,100,0.21511756062238696,0.044117246260894374,None
cmpso,WFG9,200,None,0.028298938487663516,800
ibea,UF5,600,0.21185222183272595,0.13132374989054016,None
cmpso,UF7,900,None,0.007043170011483979,1000
ibea,UF8,100,0.55,0.1,None
ibea,WFG8,100,0.21511756062238696,0.044117246260894374,None
cmpso,UF1,1000,None,0.19479443919866501,400
ibea,WFG9,100,0.55,0.1,None
cmpso,ZDT4,1000,None,0.1508420632602469,400
cmpso,UF5,1000,None,0.006392297791779567,800
cmpso,UF6,1000,None,0.19949468281222726,200
cmpso,UF4,1000,None,0.1328934347426341,300
cmpso,ZDT3,1000,None,0.0420208989413285,700
cmpso,UF2,100,None,0.1,100
cmpso,ZDT6,1000,None,0.06314411113708865,900
cmpso,ZDT2,1000,None,0.10382618171862903,100
cmpso,UF3,1000,None,0.09553303944902827,400
cmpso,ZDT1,1000,None,0.13257947861084263,500
cmpso,UF8,100,None,0.10287700309941963,400
cmpso,UF9,1000,None,0.19802540000964694,200
moead,LZ09_F1,100,0.9997778163978848,0.19228544481264678,None
moead,LZ09_F2,100,0.2503107356248021,0.006220398829848478,None
omopso,LZ09_F1,900,None,0.19039916020491615,800
moead,LZ09_F6,100,0.8301741928921482,0.012572188664709306,None
moead,LZ09_F3,100,0.9999995039215526,6.6958975903439865e-06,None
omopso,LZ09_F2,1000,None,0.03471025399437577,700
moead,LZ09_F8,100,0.15618440687850876,0.052426151085983676,None
moead,LZ09_F5,100,0.21511756062238696,0.044117246260894374,None
omopso,LZ09_F3,900,None,0.1802867876889483,800
moead,LZ09_F9,100,0.9970004891235865,0.0009617803732949559,None
omopso,LZ09_F6,400,None,0.10046633320907264,100
omopso,LZ09_F4,600,None,0.19185315333333125,200
omopso,LZ09_F7,800,None,0.13354041025467542,500
omopso,LZ09_F5,500,None,0.18906699247724246,400
omopso,LZ09_F8,400,None,0.16183380597564537,700
moead,LZ09_F7,100,0.7563832314487727,0.0001254229072967223,None
omopso,LZ09_F9,100,None,0.019613958085515207,800
smpso,LZ09_F2,400,None,0.16183380597564537,700
smpso,LZ09_F1,200,None,0.05189014936252552,100
smpso,LZ09_F6,400,None,0.10916184970775755,100
smpso,LZ09_F3,100,None,0.10728540713988476,800
smpso,LZ09_F4,500,None,0.009120744094188022,600
ibea,ZDT1,1000,0.2129146455258219,0.029981049785069658,None
smpso,LZ09_F5,600,None,0.07282493897302049,900
ibea,ZDT3,100,0.11146392597034906,0.11160921120623427,None
smpso,LZ09_F9,200,None,0.046440208423193165,300
smpso,LZ09_F7,900,None,0.19886193683424613,200
smpso,LZ09_F8,1000,None,0.13663023943790342,900
ibea,ZDT6,1000,0.2129146455258219,0.029981049785069658,None
moead,LZ09_F4,500,0.9991641545922487,0.00023160681494110836,None
nsgaii,LZ09_F1,100,0.6682344641749374,0.015548600847304717,None
nsgaii,LZ09_F2,100,0.2284531003636569,0.0051489164280381795,None
nsgaii,LZ09_F3,100,0.21511756062238696,0.044117246260894374,None
nsgaii,LZ09_F5,100,0.11146392597034906,0.11160921120623427,None
nsgaii,LZ09_F6,100,0.12646223979950785,0.0007833553206485488,None
nsgaii,LZ09_F4,500,0.1646961304052313,0.0032010222211420916,None
cmpso,LZ09_F8,900,None,0.10330816454243939,100
nsgaii,LZ09_F7,100,0.179413190509067,0.009883949828304428,None
nsgaii,LZ09_F8,200,0.2033057257103984,0.005647423657798046,None
nsgaii,LZ09_F9,100,0.17444797556628547,0.0020442849513765404,None
cmpso,LZ09_F7,1000,None,0.055080615975814595,1000
ibea,ZDT4,1000,0.33956427478926193,0.1766420235425516,None
nsgaiii,LZ09_F3,100,0.7244978744474174,0.0849992669795431,None
nsgaiii,LZ09_F7,200,0.5780627205452736,0.0005551290523547082,None
nsgaiii,LZ09_F2,100,0.4218139589724439,0.036114422856463456,None
cmpso,LZ09_F1,1000,None,0.15413946648698587,800
nsgaiii,LZ09_F6,100,0.1463192080173899,0.02344827909604499,None
nsgaiii,LZ09_F1,100,0.7488354085813486,0.00044012477344397284,None
nsgaiii,LZ09_F8,900,0.1493079325216254,0.023766403114946023,None
nsgaiii,LZ09_F9,100,0.5094236079088857,0.003452729140935751,None
nsgaiii,LZ09_F4,200,0.145661264107328,0.011160503138842004,None
nsgaiii,LZ09_F5,100,0.21511756062238696,0.044117246260894374,None
cmpso,LZ09_F6,300,None,0.07698268944409721,100
omopso,DASCMOP1(5),100,None,0.044117246260894374,200
omopso,DASCMOP2(5),500,None,0.13277086102736746,600
omopso,DASCMOP3(5),200,None,0.048711908003729334,1000
omopso,DASCMOP5(5),900,None,0.1988499572805499,900
cmpso,LZ09_F2,900,None,0.1381590121790737,100
omopso,DASCMOP4(5),1000,None,0.15068331368076396,100
ibea,LZ09_F2,100,0.11146392597034906,0.11160921120623427,None
cmpso,LZ09_F3,900,None,0.044685369900260424,700
cmpso,LZ09_F4,1000,None,0.02562727196842467,900
omopso,DASCMOP6(5),200,None,0.17265805039384552,700
cmpso,LZ09_F9,900,None,0.06818982234734337,900
cmpso,LZ09_F5,1000,None,0.04528859198568827,500
smpso,DASCMOP1(5),900,None,0.07977750114147414,100
ibea,LZ09_F3,100,0.55,0.1,None
smpso,DASCMOP2(5),1000,None,0.13631314954442394,800
ibea,LZ09_F5,100,0.21511756062238696,0.044117246260894374,None
smpso,DASCMOP4(5),900,None,0.004718212367233888,1000
smpso,DASCMOP5(5),500,None,0.10432860945744918,100
ibea,LZ09_F1,200,0.4071831077301601,0.02077400065606765,None
smpso,DASCMOP6(5),1000,None,0.032773870818852524,500
ibea,LZ09_F4,200,0.4071831077301601,0.02077400065606765,None
ibea,LZ09_F9,700,0.42242008066135095,0.0317490277908262,None
ibea,LZ09_F8,100,0.21511756062238696,0.044117246260894374,None
smpso,DASCMOP3(5),100,None,0.13724130230394413,500
smpso,DASCMOP1(6),700,None,0.1563786427267384,200
smpso,DASCMOP2(6),800,None,0.11772336542308293,100
smpso,DASCMOP3(6),900,None,0.018340605198692,100
omopso,DASCMOP1(6),800,None,0.12841665237957106,900
smpso,DASCMOP6(6),600,None,0.10469839876563894,600
omopso,DASCMOP2(6),900,None,0.11171773688600134,900
moead,DASCMOP1(5),400,0.14849602030596948,0.00897369147891105,None
omopso,DASCMOP3(6),600,None,0.18365937610593844,400
smpso,DASCMOP4(6),300,None,0.15025821689657742,100
omopso,DASCMOP4(6),1000,None,0.14873327518146592,300
smpso,DASCMOP5(6),800,None,0.07900740161188374,100
omopso,DASCMOP5(6),1000,None,0.14107026190467872,900
moead,DASCMOP5(5),1000,0.2994496288400698,0.1953281544205683,None
omopso,DASCMOP6(6),400,None,0.19737659947625097,600
cmpso,DASCMOP2(5),600,None,0.012292752266853469,700
cmpso,DASCMOP3(5),500,None,0.17639467807819773,900
cmpso,DASCMOP4(5),800,None,0.05281343110805617,600
cmpso,DASCMOP5(5),800,None,0.05922125519606421,200
cmpso,DASCMOP6(5),1000,None,0.0016141624629102626,1000
cmpso,DASCMOP1(6),100,None,0.13191942193036224,500
cmpso,DASCMOP2(6),400,None,0.04408235673228429,500
moead,DASCMOP2(5),100,0.11256000998356826,0.00022010279726655954,None
cmpso,DASCMOP3(6),100,None,0.07424044745982461,200
cmpso,DASCMOP1(5),500,None,0.016798773094271337,500
nsgaii,DASCMOP1(5),100,0.11146392597034906,0.11160921120623427,None
cmpso,DASCMOP4(6),800,None,0.07699664836749212,1000
moead,DASCMOP3(5),800,0.410745296120158,0.03313621040827375,None
cmpso,DASCMOP5(6),1000,None,0.06272521371855001,300
nsgaii,DASCMOP5(5),900,0.8087648289959577,0.17713983572456304,None
nsgaii,DASCMOP3(5),300,0.22748020937474647,0.12952358127350314,None
nsgaii,DASCMOP2(5),300,0.4756979375666358,0.007282462039877724,None
cmpso,DASCMOP6(6),700,None,0.15329542760171258,100
nsgaii,DASCMOP4(5),900,0.8087648289959577,0.17713983572456304,None
moead,DASCMOP4(5),1000,0.3866003006340927,0.19989623656498776,None
nsgaiii,DASCMOP1(5),300,0.9770902705669807,0.13826376333385004,None
moead,DASCMOP6(5),1000,0.3669067360964624,0.167227388767689,None
nsgaiii,DASCMOP4(5),900,0.8087648289959577,0.17713983572456304,None
nsgaii,DASCMOP6(5),900,0.5907391737204531,0.18786895148679938,None
nsgaiii,DASCMOP3(5),200,0.28946205886716064,0.00263856159060345,None
nsgaiii,DASCMOP6(5),900,0.8087648289959577,0.17713983572456304,None
nsgaiii,DASCMOP2(5),300,0.5459799372370255,0.07894725191770256,None
ibea,DASCMOP2(5),200,0.4071831077301601,0.02077400065606765,None
ibea,DASCMOP3(5),300,0.8223811139294136,0.06462571914294209,None
nsgaiii,DASCMOP5(5),1000,0.24068316826223055,0.17183269804464224,None
ibea,DASCMOP6(5),900,0.8087648289959577,0.17713983572456304,None
ibea,DASCMOP4(5),900,0.8087648289959577,0.17713983572456304,None
ibea,DASCMOP5(5),900,0.8087648289959577,0.17713983572456304,None
moead,DASCMOP1(6),300,0.21430947866985056,0.015457462610411114,None
moead,DASCMOP2(6),100,0.18559629148962214,0.00025507875406747263,None
moead,DASCMOP3(6),400,0.18794865124130372,0.07205697599415976,None
moead,DASCMOP4(6),1000,0.2221346073542188,0.18429731209864,None
ibea,DASCMOP6(6),900,0.8087648289959577,0.17713983572456304,None
ibea,DASCMOP4(6),900,0.8087648289959577,0.17713983572456304,None
ibea,DASCMOP1(6),100,0.55,0.1,None
nsgaii,DASCMOP2(6),200,0.49277523047191474,0.003322929081150372,None
ibea,DASCMOP3(6),700,0.42242008066135095,0.0317490277908262,None
ibea,DASCMOP2(6),700,0.42242008066135095,0.0317490277908262,None
nsgaii,DASCMOP1(6),200,0.208227495844585,0.00443493702047415,None
nsgaii,DASCMOP3(6),100,0.1485652841854635,0.08016448387950255,None
moead,DASCMOP1(7),1000,0.2732804403125515,0.016165403535072165,None
smpso,DASCMOP1(7),600,None,0.15202585178736416,100
nsgaiii,DASCMOP2(6),100,0.21511756062238696,0.044117246260894374,None
nsgaii,DASCMOP6(6),600,0.6476547606676042,0.19946056890537062,None
nsgaii,DASCMOP4(6),900,0.8087648289959577,0.17713983572456304,None
nsgaii,DASCMOP5(6),900,0.8087648289959577,0.17713983572456304,None
nsgaiii,DASCMOP1(6),100,0.2305911358707288,0.03272759873094568,None
smpso,DASCMOP2(7),1000,None,0.1777750834762375,100
smpso,DASCMOP3(7),800,None,0.1993090350647454,800
ibea,DASCMOP5(6),900,0.8087648289959577,0.17713983572456304,None
moead,DASCMOP5(6),1000,0.29284039169154824,0.18562516940756285,None
nsgaiii,DASCMOP3(6),400,0.22585096934754928,0.11248104223194184,None
smpso,DASCMOP4(7),300,None,0.12943772768904124,900
smpso,DASCMOP5(7),100,None,0.1519741669311716,600
smpso,DASCMOP6(7),100,None,0.19526965407951952,400
nsgaiii,DASCMOP4(6),900,0.27053407225454373,0.18054391825530602,None
moead,DASCMOP6(6),1000,0.29340030250129756,0.19396056301356024,None
omopso,DASCMOP3(7),700,None,0.08851409126879156,700
omopso,DASCMOP1(7),1000,None,0.18363777740326595,1000
nsgaiii,DASCMOP6(6),900,0.8087648289959577,0.17713983572456304,None
omopso,DASCMOP2(7),800,None,0.12958315830233888,200
omopso,DASCMOP4(7),700,None,0.09352112634425812,700
omopso,DASCMOP5(7),800,None,0.1380638463659448,100
omopso,DASCMOP6(7),600,None,0.14954780800978626,700
nsgaiii,DASCMOP5(6),900,0.8087648289959577,0.17713983572456304,None
nsgaii,DASCMOP1(7),100,0.21511756062238696,0.044117246260894374,None
nsgaii,DASCMOP3(7),200,0.10682714809761094,0.03084089917154187,None
nsgaii,DASCMOP2(7),100,0.21511756062238696,0.044117246260894374,None
nsgaiii,DASCMOP1(7),100,0.11146392597034906,0.11160921120623427,None
nsgaii,DASCMOP4(7),900,0.8087648289959577,0.17713983572456304,None
nsgaii,DASCMOP6(7),900,0.27053407225454373,0.18054391825530602,None
moead,DASCMOP4(7),1000,0.46073184397595157,0.1868917631383108,None
nsgaii,DASCMOP5(7),900,0.7841448828153257,0.19241370873510813,None
nsgaiii,DASCMOP2(7),400,0.27973938227445766,0.17407582973361224,None
moead,DASCMOP2(7),500,0.13647982849016663,0.005892898962135689,None
moead,DASCMOP3(7),500,0.2616401360199305,0.035845477121351776,None
nsgaiii,DASCMOP3(7),100,0.21511756062238696,0.044117246260894374,None
nsgaiii,DASCMOP6(7),900,0.8087648289959577,0.17713983572456304,None
nsgaiii,DASCMOP4(7),900,0.8087648289959577,0.17713983572456304,None
nsgaiii,DASCMOP5(7),900,0.8087648289959577,0.17713983572456304,None
moead,DASCMOP6(7),1000,0.3201772445952915,0.1903839198099952,None
cmpso,DASCMOP2(7),200,None,0.15128297044052835,600
cmpso,DASCMOP3(7),100,None,0.0868611174434008,800
cmpso,DASCMOP5(7),1000,None,0.1251507547083719,100
moead,DASCMOP5(7),1000,0.25885125125701514,0.19892395259585247,None
cmpso,DASCMOP4(7),1000,None,0.06326980401191776,700
cmpso,DASCMOP6(7),1000,None,0.035213656922444984,100
cmpso,DASCMOP1(7),100,None,0.020238512445333725,1000
ibea,DASCMOP1(7),600,0.7141327373878906,0.012292752266853469,None
ibea,DASCMOP2(7),300,0.8223811139294136,0.06462571914294209,None
ibea,DASCMOP5(7),900,0.8087648289959577,0.17713983572456304,None
ibea,DASCMOP6(7),900,0.8087648289959577,0.17713983572456304,None
ibea,DASCMOP3(7),600,0.7141327373878906,0.012292752266853469,None
ibea,DASCMOP4(7),900,0.8087648289959577,0.17713983572456304,None
